City_ID,City,Country,Max Temp,Current Description,Lat,Lng,Hotel Name
0,Punta Arenas,CL,48.31,light rain,-53.15,-70.9167,Hotel Hain
1,Mataura,NZ,56.48,overcast clouds,-46.1927,168.8643,Ellie's Villa
2,Codrington,AU,58.5,overcast clouds,-38.2667,141.9667,Codrington Gardens Bed And Breakfast
3,Richards Bay,ZA,79.09,few clouds,-28.783,32.0377,BON Hotel Waterfront Richards Bay
4,Muncar,ID,75.54,broken clouds,-8.4333,114.3333,Zaky Homestay
6,Severo-Kurilsk,RU,26.85,overcast clouds,50.6789,156.125,Kak Doma
8,Hermanus,ZA,70.81,few clouds,-34.4187,19.2345,Misty Waves Boutique Hotel
10,Margate,GB,51.89,overcast clouds,51.3813,1.3862,Premier Inn Margate hotel
11,Hamilton,US,45.07,moderate rain,39.1834,-84.5333,Six Acres Bed & Breakfast
12,Dandong,CN,12.56,clear sky,40.1292,124.3947,Yiranju Farmstay
13,Busselton,AU,69.04,overcast clouds,-33.65,115.3333,Observatory Guest House
14,Hilo,US,67.24,scattered clouds,19.7297,-155.09,Hilo Hawaiian Hotel
16,Honningsvag,NO,22.75,broken clouds,70.9821,25.9704,Nordkapp Vandrerhjem
17,Ambon,ID,78.94,few clouds,-3.6954,128.1814,Swiss-Belhotel Ambon
18,Sitka,US,30.52,snow,57.0531,-135.33,Westmark Sitka
20,Esperance,AU,60.84,clear sky,-33.8667,121.9,Hospitality Esperance
22,Port-Gentil,GA,80.85,moderate rain,-0.7193,8.7815,Fengshui Residence
23,Rikitea,PF,77.29,broken clouds,-23.1203,-134.9692,People ThankYou
24,Ribeira Grande,PT,63.0,scattered clouds,38.5167,-28.7,Quinta da Meia Eira
25,Butaritari,KI,80.85,light rain,3.0707,172.7902,Isles Sunset Lodge
26,Kaita,JP,39.13,broken clouds,34.3667,132.55,Kaita Central Hotel
27,Vaini,TO,75.36,few clouds,-21.2,-175.2,Keleti Beach Resort
28,Woodward,US,20.43,light snow,36.4337,-99.3904,"Holiday Inn Express & Suites Woodward Hwy 270, an IHG Hotel"
29,Namibe,AO,75.43,overcast clouds,-15.1961,12.1522,Hotel Chik Chik Namibe
30,Longyearbyen,SJ,19.24,few clouds,78.2186,15.6401,"Radisson Blu Polar Hotel, Spitsbergen"
31,Abha,SA,59.76,scattered clouds,18.2164,42.5053,Abha Hotel
32,Komsomolskiy,UZ,36.82,haze,40.4272,71.7189,Ikathouse
34,Port Macquarie,AU,71.49,light rain,-31.4333,152.9167,Rydges Port Macquarie
36,Korla,CN,24.37,few clouds,41.7597,86.1469,Gulisitan Hotel
39,Hobart,AU,55.26,broken clouds,-42.8794,147.3294,St Ives Hobart Accommodation Tasmania
40,Rio Cuarto,AR,72.84,overcast clouds,-33.1307,-64.3499,Hotel Menossi
41,Viedma,AR,86.23,overcast clouds,-40.8135,-62.9967,Hotel Cristal
43,Olinda,BR,85.73,scattered clouds,-8.0089,-34.8553,Flat Quatro Rodas Olinda
45,Alhandra,BR,87.46,overcast clouds,-7.4386,-34.9144,Hotel E Pousada Central
47,Port Alfred,ZA,79.32,light rain,-33.5906,26.891,The Halyards Hotel
48,Sinnamary,GF,80.35,scattered clouds,5.3833,-52.95,ALETHEIA Appartement Sinnamary
49,Ushuaia,AR,47.82,broken clouds,-54.8,-68.3,Albatross Hotel
50,Faanui,PF,80.56,few clouds,-16.4833,-151.75,Bora-Bora Pearl Beach Resort & Spa
51,Jumla,NP,38.12,overcast clouds,29.2747,82.1838,Royal Garden Hotel
52,Cape Town,ZA,70.09,light rain,-33.9258,18.4232,"Radisson Blu Hotel Waterfront, Cape Town"
53,Tasiilaq,GL,15.96,overcast clouds,65.6145,-37.6368,The Red House
54,Usinsk,RU,15.57,light snow,65.9939,57.5281,Dobro Pozhalovaty
55,Atuona,PF,78.1,light rain,-9.8,-139.0333,Villa Enata
56,Cairns,AU,82.11,broken clouds,-16.9167,145.7667,Mantra Trilogy Cairns
57,Grenaa,DK,37.85,scattered clouds,56.4158,10.8783,Hotel Marina
58,Ancud,CL,73.22,overcast clouds,-41.8697,-73.8203,Hotel Arena Gruesa
60,Isla Vista,US,60.42,clear sky,34.4133,-119.861,Best Western Plus South Coast Inn
61,Victoria,HK,60.94,light rain,22.2855,114.1577,Mini Hotel Central
62,Jamestown,US,39.94,clear sky,42.097,-79.2353,Hampton Inn & Suites Jamestown
65,Balkhash,KZ,11.48,overcast clouds,46.844,74.9804,Family
66,Arraial Do Cabo,BR,84.16,scattered clouds,-22.9661,-42.0278,Pousada Porto Praia
67,Uppsala,SE,22.42,overcast clouds,60.0,17.75,L√§dersk√•l
68,Guerrero Negro,MX,59.97,overcast clouds,27.9769,-114.0611,"Casa Laguna, Bed & Breakfast"
69,Yulara,AU,64.94,overcast clouds,-25.2406,130.9889,Desert Gardens Hotel - Ayers Rock Resort
70,Dourados,BR,79.74,overcast clouds,-22.2211,-54.8056,Alphonsus Hotel
72,Hithadhoo,MV,82.54,broken clouds,-0.6,73.0833,Scoop Guest House
73,Havre-Saint-Pierre,CA,23.36,overcast clouds,50.2334,-63.5986,Auberge Niapiskau
74,Yuyao,CN,40.8,light rain,30.05,121.1494,Grand Pacific Hotel Ningbo
75,Port Hardy,CA,41.76,light rain,50.6996,-127.4199,Airport Inn-Port Hardy
76,Saldanha,ZA,66.97,overcast clouds,-33.0117,17.9442,Blue Bay Lodge
77,Kikwit,CD,73.99,moderate rain,-5.041,18.8162,HOTEL PLACE YALABA
78,Hebi,CN,32.79,broken clouds,35.8992,114.1925,Wangfu Hotel
80,Angoche,MZ,78.82,scattered clouds,-16.2325,39.9086,Guest House HESADA
81,Dunedin,NZ,61.41,light rain,-45.8742,170.5036,Scenic Hotel Southern Cross
82,Mayumba,GA,79.92,broken clouds,-3.432,10.6554,LIKWALE LODGE
83,Mbandaka,CD,79.18,overcast clouds,0.0487,18.2603,Guest House Epervier
87,Vanimo,PG,77.16,overcast clouds,-2.6741,141.3028,Vahmoneh Lodge Vanimo
88,Kapaa,US,67.12,scattered clouds,22.0752,-159.319,Sheraton Kauai Coconut Beach Resort
89,Sur,OM,73.8,clear sky,22.5667,59.5289,Sur Plaza Hotel
91,Liverpool,GB,52.77,broken clouds,53.4106,-2.9779,Premier Inn Liverpool City Centre (Moorfields) hotel
92,Bredasdorp,ZA,70.29,few clouds,-34.5322,20.0403,Bredasdorp Country Manor
95,Alugan,PH,78.73,overcast clouds,12.2188,125.4808,JM Lodge
98,Saint George,US,39.67,broken clouds,37.1041,-113.5841,Best Western Plus Abbey Inn
99,Honiara,SB,78.1,heavy intensity rain,-9.4333,159.95,Heritage Park Hotel
100,Kenai,US,17.65,overcast clouds,60.5544,-151.2583,Aspen Extended Stay Suites
101,Myitkyina,MM,51.71,clear sky,25.3833,97.4,Shwe Phyu Hotel
102,Kruisfontein,ZA,72.84,light rain,-34.0033,24.7314,Oyster Bay House Rental
103,Salalah,OM,73.42,clear sky,17.0151,54.0924,"HAMDAN PLAZA HOTEL SALALAH, an HTG Hotel"
104,Laguna,US,54.05,clear sky,38.421,-121.4238,"Holiday Inn Express & Suites Elk Grove Central - Hwy 99, an IHG Hotel"
105,Kyzyl-Suu,KG,19.69,overcast clouds,42.3414,78.0056,Gostinitsa Nur-Ordo
107,Pacific Grove,US,55.11,clear sky,36.6177,-121.9166,Lovers Point Inn
108,Georgetown,MY,80.89,few clouds,5.4112,100.3354,Cititel Penang
109,Lagoa,PT,58.5,clear sky,39.05,-27.9833,Casa Das Faias
110,Mana,GF,82.15,broken clouds,5.6592,-53.7767,LE SAMANA
111,Acarau,BR,85.84,overcast clouds,-2.8856,-40.12,castelo pizzaria
112,Bluff,NZ,56.8,moderate rain,-46.6,168.3333,Bluff Homestead - Guesthouse & Campervan Park
113,Port Hedland,AU,80.65,overcast clouds,-20.3167,118.5667,"The Esplanade Hotel (Accommodation section closed for refurbishment - Bar, Restaurant & Functions remain open)"
114,East London,ZA,83.34,few clouds,-33.0153,27.9116,Tu Casa
115,Palauig,PH,77.4,few clouds,15.435,119.9045,Alperi Botique Resort
117,Mehamn,NO,23.18,scattered clouds,71.0357,27.8492,Mehamn Arctic Hotel AS
119,Avarua,CK,77.05,scattered clouds,-21.2078,-159.775,Paradise Inn
120,Kilindoni,TZ,81.73,broken clouds,-7.9139,39.6668,Bustani B&B
121,Mahebourg,MU,80.89,light intensity shower rain,-20.4081,57.7,Shandrani Beachcomber Resort & Spa
122,Puerto El Triunfo,SV,87.96,clear sky,13.2833,-88.55,Hotel Jardin
123,Skibotn,NO,10.49,broken clouds,69.3913,20.2679,Olderelv Camping
125,Homer,US,28.27,few clouds,59.6425,-151.5483,Beluga Lake Lodge
126,Torbay,CA,29.75,scattered clouds,47.6666,-52.7314,Gallows Cove
127,Ulladulla,AU,63.88,overcast clouds,-35.35,150.4667,Sandpiper Motel
128,Te Anau,NZ,60.62,heavy intensity rain,-45.4167,167.7167,Kingsgate Hotel Te Anau
130,Thessalon,CA,21.69,overcast clouds,46.2501,-83.5666,Carolyn Beach Inn & Restaurant
133,Lasa,IT,42.71,light rain,46.6166,10.7002,Pension Feldg√§rtenhof
134,Nikolskoye,RU,22.89,overcast clouds,59.7035,30.7861,Tourist House - Sablino
135,Westerland,DE,41.02,overcast clouds,54.9079,8.3033,Dorint Strandhotel & Spa Westerland / Sylt
137,Balkanabat,TM,51.76,clear sky,39.5108,54.3671,Nebitchi Hotel
139,Dicabisagan,PH,72.68,broken clouds,17.0818,122.4157,Nancy Montanes Bernardo
140,Cabo San Lucas,MX,75.61,broken clouds,22.8909,-109.9124,Hotel Tesoro Los Cabos
142,Lorengau,PG,77.88,heavy intensity rain,-2.0226,147.2712,Lorengau Harbourside Hotel
143,Hasaki,JP,27.0,clear sky,35.7333,140.8333,Inubosaki Kanko Hotel
145,Zhoucheng,CN,32.72,scattered clouds,35.9122,116.3117,Yingbin Restaurant
148,Fukue,JP,46.47,light rain,32.6881,128.8419,Goto Guesthouse Utojuku & SA Car Rental
149,Vitina,BA,41.32,clear sky,43.2375,17.4839,Adria centar Koƒáu≈°a
150,Jiuquan,CN,20.37,broken clouds,39.7432,98.5174,Jiuquan Hotel
151,Volgorechensk,RU,24.49,snow,57.4393,41.1555,"–ì–æ—Å—Ç–∏–Ω–∏—Ü–∞ & –•–æ—Å—Ç–µ–ª ""–í–æ–ª–≥–æ—Ä–µ—á–µ–Ω—Å–∫"""
153,Broken Hill,AU,61.97,clear sky,-31.95,141.4333,Royal Exchange Hotel
154,Bethel,US,44.49,haze,41.3712,-73.414,Courtyard by Marriott Danbury
155,Jalu,LY,56.79,scattered clouds,29.0331,21.5482,ÿµÿßÿ≠ÿ®ÿ© ÿßŸÑŸÅÿÆÿßŸÖÿ©
158,Camargo,MX,62.74,overcast clouds,27.6667,-105.1667,Hotel Santa Fe
163,Acari,PE,81.82,few clouds,-15.4311,-74.6158,HOSPEDAJE XIMENA
164,Fenoarivo Atsinanana,MG,78.48,overcast clouds,-17.3667,49.4167,L'Oasis Lodge
165,Port Elizabeth,ZA,71.89,broken clouds,-33.918,25.5701,39 On Nile Guest House
166,Shimoda,JP,38.1,clear sky,34.6667,138.95,Shimoda Tokyu Hotel
167,Itapora,BR,80.49,overcast clouds,-22.0799,-54.7874,Hotel Santa F√©
168,Souillac,MU,80.98,light intensity shower rain,-20.5167,57.5167,Shanti Maurice Resort & Spa
169,Shache,CN,30.34,overcast clouds,38.4167,77.2406,Delong Hotel
171,Poum,NC,79.29,clear sky,-20.2333,164.0167,G√Æte kajeon
172,Coquimbo,CL,69.53,clear sky,-29.9533,-71.3436,Hotel San Juan
173,Cidreira,BR,79.52,clear sky,-30.1811,-50.2056,Hotel Castelo
174,Kaitangata,NZ,59.23,overcast clouds,-46.2817,169.8464,Kaitangata Motor Camp
175,Kavaratti,IN,80.65,clear sky,10.5669,72.642,Hotels in Lakshadweep Islands
177,Portland,US,41.83,light intensity drizzle,45.5234,-122.6762,Embassy Suites by Hilton Portland Downtown
178,Chuy,UY,84.2,clear sky,-33.6971,-53.4616,Nuevo Hotel Plaza
179,Tabas,IR,48.85,clear sky,33.5959,56.9244,ÿ¥ÿ±⁄©ÿ™ ŸÖÿπŸÖÿßÿ±€å ŸÖŸáÿ±ÿßÿ≤ ÿ¥ÿß€å⁄ØÿßŸÜ ÿ¢ÿ±ÿßÿØ
181,Taunggyi,MM,48.15,clear sky,20.7833,97.0333,True Treasure Hotel
182,San Patricio,US,76.87,broken clouds,28.017,-97.5169,"Motel 6 Sinton, TX"
183,Mar Del Plata,AR,83.88,overcast clouds,-38.0023,-57.5575,Gran Hotel Mar del Plata
185,Waingapu,ID,78.53,scattered clouds,-9.6567,120.2641,Pondok Wisata Elim
186,Kondinskoye,RU,23.54,overcast clouds,59.6481,67.41,Gostinitsa
187,Apac,UG,83.39,overcast clouds,1.9756,32.5386,Double Duez Apac
189,Chapais,CA,28.18,overcast clouds,49.7834,-74.8492,H√¥tel Op√©miska
190,Port Lincoln,AU,62.11,broken clouds,-34.7333,135.8667,Port Lincoln Hotel
191,Iracoubo,GF,81.3,scattered clouds,5.4802,-53.2011,Le G√Æte d‚ÄôIracoubo
193,Muscat,OM,71.62,clear sky,23.6139,58.5922,Mutrah Hotel
194,Kargasok,RU,14.14,overcast clouds,59.0556,80.8572,Hotel Kargasok
195,Paita,PE,86.56,clear sky,-5.0892,-81.1144,Hotel N√°utico de Paita
196,Saint-Philippe,RE,80.19,moderate rain,-21.3585,55.7679,"Chambres d'h√¥te ""La Trinit√©"""
197,Zhuhai,CN,60.69,light rain,22.2769,113.5678,Áè†Êµ∑Á≤§Ë¥¢ÂÅáÊó•ÈÖíÂ∫ó
199,Katsuura,JP,42.91,broken clouds,35.1333,140.3,Katsuura Hotel Mikazuki
201,Puerto Ayora,EC,82.36,scattered clouds,-0.7393,-90.3518,Finch Bay Galapagos Hotel
202,Fortuna,US,46.74,clear sky,40.5982,-124.1573,Super 8 by Wyndham Fortuna
203,Maymyo,MM,51.71,clear sky,22.0333,96.4667,Tiger Hotel
204,Santa Vitoria Do Palmar,BR,83.48,clear sky,-33.5189,-53.3681,Hostel Comodoro
205,Nantucket,US,45.01,mist,41.2835,-70.0995,Jared Coffin House
207,Northam,GB,51.42,broken clouds,51.0333,-4.2167,Durrant House Hotel
208,Nagapattinam,IN,73.83,clear sky,10.7667,79.8333,Sathya Lodge
213,Asyut,EG,62.82,broken clouds,27.181,31.1837,ŸÅŸÜÿØŸÇ ŸÖŸäÿ≥ ÿ•Ÿäÿ¨Ÿäÿ®ÿ™ Miss Egypt Hotel
214,Lata,PT,64.72,clear sky,40.1629,-8.3327,Casa Maquia
215,Mountrath,IE,49.59,overcast clouds,52.9989,-7.4728,Conlan House
218,Olafsvik,IS,31.78,snow,64.8945,-23.7142,Hotel Olafsvik
219,Morozovsk,RU,37.33,moderate rain,48.3539,41.8261,Gostinitsa
222,Nouadhibou,MR,71.69,clear sky,20.931,-17.0347,El Medina
224,Byron Bay,AU,77.05,overcast clouds,-28.65,153.6167,Backpackers Inn
225,Inta,RU,14.11,light snow,66.0317,60.1659,Apartments in Inta city
226,Seoul,KR,27.01,broken clouds,37.5683,126.9778,LOTTE Hotel Seoul
227,Constitucion,CL,67.51,clear sky,-35.3333,-72.4167,Hotel Boutique Las Azucenas
228,Carnarvon,AU,79.63,overcast clouds,-24.8667,113.6333,Hospitality Carnarvon
229,Buritizeiro,BR,83.28,broken clouds,-17.3511,-44.9622,Santos Palace Hotel
230,Dawei,MM,70.25,clear sky,14.0833,98.2,Hotel Dawei
231,Laguna De Perlas,NI,82.49,scattered clouds,12.3429,-83.6712,Hotel Best View
232,Tuatapere,NZ,56.82,moderate rain,-46.1333,167.6833,Ron and Tony's Bed & Breakfast
233,Bowen,AU,80.22,overcast clouds,-20.0167,148.2333,Castle Motor Lodge Motel
235,Kijang,KR,33.46,overcast clouds,35.2442,129.2139,Samyang Beach Villa
236,Mwinilunga,ZM,65.61,light rain,-11.7358,24.4293,Kwakuwahi Lodge
239,Kamaishi,JP,31.21,scattered clouds,39.2667,141.8833,Hotel Route Inn Kamaishi
242,Phan Thiet,VN,73.17,broken clouds,10.9333,108.1,Hotel Saigon-PT
245,Coihaique,CL,67.95,scattered clouds,-45.5752,-72.0662,Diego De Almagro Coyhaique
248,Malihabad,IN,55.31,clear sky,26.9167,80.7167,Maharaja nursery
250,Raudeberg,NO,34.47,overcast clouds,61.9875,5.1352,Nordre Silda.
251,Porto Novo,BJ,84.02,clear sky,6.4965,2.6036,Tour Eiffel Hotel Benin
252,Tricase,IT,50.83,clear sky,39.9304,18.3553,Hotel Adriatico
253,Ketchikan,US,35.58,light snow,55.3422,-131.6461,Snow's Cove Lodge
256,Sylvania,US,39.81,snow,41.7189,-83.713,Wingate by Wyndham Sylvania/Toledo
257,Sibolga,ID,77.4,overcast clouds,1.7427,98.7792,Hotel Syariah CN Darussalam
258,Sakaraha,MG,78.57,clear sky,-22.9,44.5333,Le Relais
259,Kavieng,PG,78.96,moderate rain,-2.5744,150.7967,Nusa Island Retreat
260,Durban,ZA,83.93,scattered clouds,-29.8579,31.0292,Hilton Durban
261,Takestan,IR,39.58,clear sky,36.0696,49.6959,baghdadi hotelŸáÿ™ŸÑ Ÿà ÿ±ÿ≥ÿ™Ÿàÿ±ÿßŸÜ ÿ®ÿ∫ÿØÿßÿØ€å
263,Zelenoborskiy,RU,11.79,overcast clouds,66.845,32.3622,Turisticheskaya baza
264,Asau,RO,34.72,overcast clouds,46.4333,26.4,Casa Mika Ciobanus
265,New Norfolk,AU,54.9,broken clouds,-42.7826,147.0587,The Shingles Riverside Cottages
267,Pedernales,DO,82.08,clear sky,18.0384,-71.744,Hotel Costa Marina
268,Castro,BR,77.76,broken clouds,-24.7911,-50.0119,CHACARA BAILLY
270,Ponta Do Sol,PT,67.01,overcast clouds,32.6667,-17.1,Hotel do Campo
272,Xianyang,CN,33.98,overcast clouds,34.3378,108.7026,ÈìÅË∑ØÂ§ßÂé¶
273,Lexington,US,46.29,light rain,37.9887,-84.4777,DoubleTree Suites by Hilton Hotel Lexington
274,Hofn,IS,27.79,scattered clouds,64.2539,-15.2082,H√≥tel H√∂fn
276,Buchanan,LR,89.56,scattered clouds,5.8808,-10.0467,Kamaneahn Hotel Inc
277,Bashmakovo,RU,16.52,overcast clouds,53.2133,43.0342,Gostinitsa Ip Makarov
278,Sitrah,BH,62.6,clear sky,26.1547,50.6206,Al Bander Resort
279,Kahului,US,67.68,clear sky,20.8947,-156.47,Maui Seaside Hotel
280,Dvinskoy,RU,23.47,light snow,62.1535,45.1175,Gostinitsa Dvinskaya
281,Natal,BR,88.45,scattered clouds,-5.795,-35.2094,Villa Park Hotel | Natal
282,Nowa Sol,PL,39.06,overcast clouds,51.8033,15.717,Pensjonat Korona
283,Stornoway,GB,48.16,light rain,58.2093,-6.3865,Caladh Inn
284,Tahta,EG,63.95,broken clouds,26.7693,31.5021,shady waheed
285,North Platte,US,10.29,overcast clouds,41.1239,-100.7654,"Holiday Inn Express & Suites North Platte, an IHG Hotel"
289,Yuanping,CN,22.19,clear sky,38.7153,112.7575,Yuanping Xinghe Guesthouse
290,Luanda,AO,78.35,clear sky,-8.8368,13.2343,EPIC SANA Luanda
291,Vao,NC,77.74,scattered clouds,-22.6667,167.4833,Hotel Kou-Bugny
293,Santa Rosa,PH,79.09,overcast clouds,14.3122,121.1114,Erlyn‚Äôs Sta Rosa City Home
294,Vila Velha,BR,82.35,broken clouds,-20.3297,-40.2925,Hotel Vit√≥ria Palace
298,Charters Towers,AU,76.42,moderate rain,-20.1,146.2667,Cattleman's Rest Motor Inn
299,Bonavista,CA,29.12,broken clouds,48.6499,-53.1147,Abbott's Bed & Breakfast
300,Bereda,ES,58.75,scattered clouds,43.2686,-7.5406,Pazo de Verdes
301,Arinos,BR,86.95,broken clouds,-15.9169,-46.1056,casa do bruno
302,Verkhovazhye,RU,21.65,overcast clouds,60.7472,42.0465,Guest house Uyut on Gagarina 4–ê
303,Rabo De Peixe,PT,63.28,few clouds,37.8,-25.5833,Quinta das Giestas
304,Doba,TD,84.61,few clouds,8.65,16.85,Restaurant Auberge La P√©troli√®re
305,Sorada,IN,66.92,clear sky,19.75,84.4333,PWD Guest House
306,Luwuk,ID,77.34,overcast clouds,-0.9516,122.7875,Hotel Santika Luwuk
307,Ishigaki,JP,71.78,broken clouds,24.3448,124.1572,Ishigaki Resort Granvrio
308,Sabile,LV,23.16,overcast clouds,57.0458,22.5726,Abava rumba
309,Bengkulu,ID,76.46,overcast clouds,-3.8004,102.2655,Grage Hotel Bengkulu
310,Oriximina,BR,78.82,light rain,-1.7656,-55.8661,Pousada Tia Am√©lia
311,Gigmoto,PH,76.78,overcast clouds,13.7796,124.39,Cj's Travellers Inn
313,Dabhol,IN,68.88,clear sky,17.6,73.1667,Ashwamedh Resort
315,Tezu,IN,54.91,scattered clouds,27.9167,96.1667,Circuit House
316,Namatanai,PG,77.77,light rain,-3.6667,152.4333,Seagulls Inn Namatani
317,Lebu,CL,65.79,scattered clouds,-37.6167,-73.65,Hostal Las Lilas
318,Ahipara,NZ,66.51,overcast clouds,-35.1667,173.1667,Ahipara Holiday Park
319,Sao Miguel Do Araguaia,BR,86.13,broken clouds,-13.275,-50.1628,Hotel Executivo Palace
320,Vilhena,BR,80.62,broken clouds,-12.7406,-60.1458,Hotel Mirage
321,Kodiak,US,36.91,overcast clouds,57.79,-152.4072,Best Western Kodiak Inn And Convention Center
322,Vardo,NO,44.8,broken clouds,70.3705,31.1107,Vard√∏ Hotel AS
324,Eureka,US,47.01,clear sky,40.8021,-124.1637,Eureka Inn Trademark By Wyndham
328,Iranshahr,IR,60.64,clear sky,27.2025,60.6848,ŸÜ€å⁄© ÿ≥ÿ±ÿ¥ÿ™
329,Petropavlovsk-Kamchatskiy,RU,24.78,light snow,53.0452,158.6483,The Hotel Petropavlovsky
330,Jacareacanga,BR,78.57,overcast clouds,-6.2222,-57.7528,Casa do Ianüòé
331,Sitio Novo Do Tocantins,BR,85.53,scattered clouds,-5.5183,-47.4611,Imperial Hotel
333,Coari,BR,83.89,light rain,-4.085,-63.1414,HOTEL ALEX FLAT
334,Bata,GQ,82.69,scattered clouds,1.8639,9.7658,Hotel Elik Melen
335,Yarada,IN,73.72,mist,17.65,83.2667,Yarada Jungle Beach Resorts
336,Anuradhapura,LK,67.84,clear sky,8.3565,80.4173,Nilketha Villa Eco Hotel
338,Kudahuvadhoo,MV,81.43,clear sky,2.6708,72.8944,Niyama Private Islands Maldives
339,Flinders,AU,66.2,overcast clouds,-34.5833,150.8552,Shellharbour Resort & Conference Centre
341,Pochutla,MX,87.82,clear sky,15.7432,-96.4661,Hotel Posada San Jose
342,Ngunguru,NZ,70.16,overcast clouds,-35.6167,174.5,Pacific Rendezvous Motel Resort
343,Oranjestad,AW,84.15,few clouds,12.524,-70.027,Divi Village Golf & Beach Resort
344,Cabedelo,BR,88.47,overcast clouds,-6.9811,-34.8339,Hotel Pigalle
345,Roald,NO,33.94,broken clouds,62.5833,6.1333,Flem Cabins
346,Nome,US,11.1,clear sky,64.5011,-165.4064,Dredge 7 Inn
347,Bambous Virieux,MU,80.85,light intensity shower rain,-20.3428,57.7575,Casa Tia Villa
348,Pontian Kecil,MY,80.73,broken clouds,1.4801,103.3899,SUNFLOWER EXPRESS HOTEL
349,Hede,CN,34.9,overcast clouds,33.7681,120.2517,Vienna 3 Best Hotel Sheyang Jiefang Rd
350,Guaira,BR,70.56,overcast clouds,-20.3183,-48.3106,Hotel do Lago
351,Lazaro Cardenas,MX,80.11,clear sky,17.9583,-102.2,Baymont by Wyndham Lazaro Cardenas
352,Vaitape,PF,80.56,few clouds,-16.5167,-151.75,Conrad Bora Bora Nui
353,Aksu,CN,25.57,overcast clouds,41.1231,80.2644,Pudong Holiday Hotel
354,Sedona,US,42.55,clear sky,34.8697,-111.761,Amara Resort and Spa
355,Isangel,VU,76.73,overcast clouds,-19.55,169.2667,Tanna Lodge
356,Luena,AO,70.03,broken clouds,-11.7833,19.9167,Hotel Kandamba
357,Xapuri,BR,81.25,overcast clouds,-10.6517,-68.5044,Pousada dos Chapurys
358,Acapulco,MX,82.22,broken clouds,16.8634,-99.8901,HS Hotsson Smart Acapulco
361,Bathsheba,BB,84.81,scattered clouds,13.2167,-59.5167,Atlantis Hotel
362,Saint-Francois,FR,47.68,overcast clouds,46.4154,3.9054,Manoir Du Bonheur
363,Kursavka,RU,34.61,light snow,44.4564,42.5093,Dom Otdykha
364,Muisne,EC,80.71,light rain,0.6,-80.0333,Quinta Samay
366,Qiongshan,CN,60.85,overcast clouds,20.0058,110.3542,Sun City Restaurant
367,Tupelo,US,55.69,moderate rain,34.2576,-88.7034,"Hilton Garden Inn Tupelo, MS"
369,Tucupita,VE,88.29,scattered clouds,9.0622,-62.051,Hotel Tucupita Su‚Äãite C.A.
370,Andros Town,BS,76.96,broken clouds,24.7,-77.7667,Hanks place
372,Karratha,AU,82.02,overcast clouds,-20.7377,116.8463,ibis Styles Karratha
373,Atar,MR,89.29,broken clouds,20.5169,-13.0499,Oumou Elghoura
374,Joetsu,JP,36.36,overcast clouds,37.1483,138.2364,Joetsu Sun Plaza Hotel
375,Xining,CN,14.0,scattered clouds,36.6167,101.7667,Super Leisure Hotel
377,Virginia Beach,US,50.04,overcast clouds,36.8529,-75.978,Hilton Virginia Beach Oceanfront
379,Black River,JM,82.98,clear sky,18.0264,-77.8487,Idlers' Rest Beach Hotel
380,Nizwa,OM,72.43,clear sky,22.9333,57.5333,Orient Apartments
382,Pathein,MM,64.89,clear sky,16.7833,94.7333,Pathein Hotel
383,Bloomfield,US,45.18,overcast clouds,40.8068,-74.1854,Saira arcos
384,Cortez,US,33.42,overcast clouds,37.3489,-108.5859,Sand Canyon National 9 Inn
385,Plaisance-Du-Touch,FR,52.14,overcast clouds,43.5657,1.2975,Les Pins Galants Hotel R√©sidence Et S√©minaires
388,Clinton,US,34.95,snow,42.587,-82.9199,River's Edge
389,Palmer,US,43.83,overcast clouds,42.1584,-72.3287,Wedgewood Motel
390,Zhifang,CN,38.75,overcast clouds,30.35,114.3167,Echarm Hotel Jiangxia Zhongbai Plaza
393,Klaksvik,FO,38.32,overcast clouds,62.2266,-6.589,Airbnb rooms
394,Dalbandin,PK,51.66,clear sky,28.8947,64.4101,Gidaan Guest House
395,Aswan,EG,64.56,clear sky,24.0934,32.907,Nuba Nile
396,Itarema,BR,86.67,overcast clouds,-2.9248,-39.9167,"Sea Lounge! Bar, Club & Restaurant"
397,Sao Filipe,CV,74.52,clear sky,14.8961,-24.4956,Hotel Xaguate
398,Sikonge,TZ,66.83,overcast clouds,-5.6333,32.7667,Pretoria 2 Lodge
400,Ulcinj,ME,53.51,clear sky,41.9294,19.2244,Hotel Mediteran
401,Zhongshu,CN,35.19,overcast clouds,24.5167,103.7667,Xintianlong Hotel
402,Vila,PT,55.71,clear sky,42.0304,-8.1588,Hotel Castrum Villae by Walk Hotels
403,Mount Isa,AU,80.37,light rain,-20.7333,139.5,ibis Styles Mt Isa Verona
404,Naze,JP,55.92,overcast clouds,28.3667,129.4833,Shishime Hotel
405,Berlevag,NO,19.35,broken clouds,70.8578,29.0864,Kvitbrakka
407,Rockland,US,43.97,overcast clouds,41.1668,-74.0496,National Camp Association
408,Florianopolis,BR,87.26,few clouds,-27.6146,-48.5012,Hotel Boutique Quinta das Videiras
409,Coahuayana,MX,81.88,clear sky,18.7333,-103.6833,El rranchito michuacan de ocampos
411,Buala,SB,78.89,light rain,-8.145,159.5921,Maringe Lagoon Lodge
412,Mildura,AU,58.96,clear sky,-34.2,142.15,Mercure Hotel Mildura
413,Praia Da Vitoria,PT,63.75,scattered clouds,38.7333,-27.0667,Hotel Branco I
415,Lazdijai,LT,30.06,overcast clouds,54.2333,23.5167,Poilsis prie Akmeni≈≥ e≈æero
417,Karpathos,GR,58.96,scattered clouds,35.507,27.2132,Alex
418,Mazagao,BR,86.05,overcast clouds,-0.115,-51.2894,Recanto dos Ferreiras
419,Carupano,VE,83.75,clear sky,10.6678,-63.2585,Hotel La dorada
420,Kabinda,CD,67.1,overcast clouds,-6.1333,24.4833,Village Mianda Mutole
421,Moranbah,AU,79.45,overcast clouds,-22.0016,148.0466,Direct Hotels - Monterey Moranbah
424,Bandarbeyla,SO,76.33,broken clouds,9.4942,50.8122,JABIR HOTEL
426,Bihariganj,IN,60.76,clear sky,25.7333,86.9833,Chandika Sthan Dharmshala
427,Bend,US,33.48,clear sky,44.0582,-121.3153,Fairfield Inn & Suites by Marriott Bend Downtown
428,Hualmay,PE,76.15,clear sky,-11.0964,-77.6139,Hotel Villa Kitzia Huacho
431,Aloleng,PH,76.78,few clouds,16.1307,119.7824,Steve Walden and Emma Sison-Walden Residence
432,Tautira,PF,78.82,light rain,-17.7333,-149.15,Pension Oaoa
433,Nakamura,JP,37.51,overcast clouds,32.9833,132.9333,Hotel Crown Hills Nakamura
434,Sistranda,NO,30.9,snow,63.7256,8.834,Hotell Fr√∏ya
435,Sorland,NO,28.26,overcast clouds,67.667,12.6934,Sjybrygga fiskecamp
436,Comodoro Rivadavia,AR,76.86,clear sky,-45.8667,-67.5,Austral Hotel
438,Mogadishu,SO,79.27,overcast clouds,2.0371,45.3438,Hotel Juba
439,Sao Jose Da Coroa Grande,BR,85.23,scattered clouds,-8.8978,-35.1478,Cr√¥a Mares Hotel
440,Touros,BR,88.7,broken clouds,-5.1989,-35.4608,INN NEW HORIZON
441,Wilmington,US,60.71,overcast clouds,34.2257,-77.9447,"Hotel Ballast Wilmington, Tapestry Collection by Hilton"
442,Sakakah,SA,54.36,scattered clouds,29.9697,40.2064,Fakhamat Al Orjoana Apartment
443,Falam,MM,42.89,clear sky,22.9167,93.6833,Falang Government Guesthouse
444,Goderich,CA,33.21,snow,43.7501,-81.7165,Harmony Inn
445,Prudentopolis,BR,87.28,broken clouds,-25.2131,-50.9778,Mayn√° Hotel Prudent√≥polis
446,Padang,ID,78.42,overcast clouds,-0.9492,100.3543,Mercure Padang
447,Cap Malheureux,MU,81.09,moderate rain,-19.9842,57.6142,Pereybere Hotel & Spa
450,Carballo,ES,62.29,few clouds,43.213,-8.691,Pazo do Souto
452,Half Moon Bay,US,57.36,clear sky,37.4636,-122.4286,"The Ritz-Carlton, Half Moon Bay"
456,Skjervoy,NO,26.78,broken clouds,70.0311,20.9714,Skjerv√∏y Byggeservice AS
458,Celestun,MX,80.85,clear sky,20.8667,-90.4,Posada Lilia
459,Barabai,ID,74.35,overcast clouds,-2.5833,115.3833,HOTEL BOURAQ INDAH PERMAI
460,Axim,GH,83.57,broken clouds,4.8699,-2.2405,Axim Beach Resort And Spa
462,Auki,SB,78.35,heavy intensity rain,-8.7676,160.7034,Auki Motel
463,Damaturu,NG,79.02,scattered clouds,11.747,11.9608,"Hayas Guest Inn, Central Roundabout, Gujba Road"
464,Tual,ID,82.96,overcast clouds,-5.6667,132.75,Grand Vilia Hotel
465,Rusape,ZW,69.28,broken clouds,-18.5278,32.1284,Surrey Lodge
467,Los Llanos De Aridane,ES,67.75,clear sky,28.6585,-17.9182,Valle Aridane
469,Hirara,JP,71.1,overcast clouds,24.8,125.2833,Hotel Atoll Emerald Miyakojima
470,Maraba,BR,80.78,scattered clouds,-5.3686,-49.1178,Hotel Del Principe
471,Grindavik,IS,30.15,light snow,63.8424,-22.4338,Northern Light Inn & Max's Restaurant
473,Beatrice,US,18.18,clear sky,40.2681,-96.747,Victorian Inn Beatrice
474,Monkey Bay,MW,80.06,light rain,-14.0728,34.9201,Monkey Bay Beach Lodge
476,Nyrob,RU,24.6,overcast clouds,60.733,56.7202,Gostinitsa
477,Jaguey Grande,CU,79.45,clear sky,22.5269,-81.1286,Hostal lleana
478,Marawi,PH,67.64,overcast clouds,7.9986,124.2928,Derogongan Residence
480,Matay,EG,59.72,scattered clouds,28.419,30.7792,Nag Aespen
481,Mizdah,LY,47.73,scattered clouds,31.4451,12.9801,ŸÖÿ≠ŸÖÿØÿßŸÑŸÖÿ®ÿ±ŸàŸÉ ÿßŸÑÿßÿ±ŸäŸÇÿ∑
482,Champerico,GT,88.75,clear sky,14.3,-91.9167,"Hotel y restaurante ""El Diamante"""
483,Cabano,PH,77.86,light rain,10.5869,122.7002,The Clara Beach and Guest House (official)
485,Marquette,US,12.34,overcast clouds,46.5333,-87.6335,Al Quaal Lodge
486,Trinidad,BO,84.18,scattered clouds,-14.8333,-64.9,Hotel Piesta
492,Nishihara,JP,69.08,mist,26.1842,127.7558,Minshuku Agaihama
495,Gizo,SB,81.9,moderate rain,-8.103,156.8419,Imagination Island
496,Dondo,MZ,81.91,few clouds,-19.6094,34.7431,Arco Iris
498,Vestmannaeyjar,IS,34.72,light snow,63.4427,-20.2734,Glamping & Camping
499,Kauhajoki,FI,12.4,overcast clouds,62.4333,22.1833,Helmin Kortteeri / Kahvila Helmi Saarikoski Oy
500,Havelock,US,58.98,few clouds,34.8791,-76.9013,Sherwood Motel
502,Jacobabad,PK,68.04,clear sky,28.281,68.4388,Sardar Hotel
504,Marsh Harbour,BS,72.19,scattered clouds,26.5412,-77.0636,Abaco Beach Resort
505,Gdynia,PL,34.05,scattered clouds,54.5189,18.5319,Hotel Mercure Gdynia Centrum
507,Komae,JP,42.71,scattered clouds,35.6364,139.5744,TokyoEconoSpace.com
508,Camacha,PT,64.53,scattered clouds,33.0833,-16.3333,Hotel Porto Santo & Spa
509,Collierville,US,55.8,overcast clouds,35.042,-89.6645,Hampton Inn Memphis/Collierville
511,Itoman,JP,69.82,broken clouds,26.1247,127.6694,Southern Beach Hotel & Resort Okinawa
512,Basco,PH,74.61,broken clouds,20.4487,121.9702,Nathaniel's Lodge
513,Mackay,AU,80.69,overcast clouds,-21.15,149.2,International Lodge Motel
514,Roswell,US,52.57,broken clouds,34.0232,-84.3616,La Quinta Inn & Suites by Wyndham Atlanta Roswell
515,Vallenar,CL,84.02,clear sky,-28.5708,-70.7581,Humacao Bed & Breakfast
518,Maldonado,UY,88.99,clear sky,-34.6667,-54.9167,La Cimarrona
519,Motupe,PE,87.67,clear sky,-6.1519,-79.7142,Hostal MALU
520,Tondano,ID,66.29,very heavy rain,1.3038,124.9112,Villa Bella
522,Piopio,NZ,61.09,overcast clouds,-38.4667,175.0167,Owls Nest Motel
523,Tucuman,AR,89.6,clear sky,-26.8241,-65.2226,Dallas Hotel Tucuman
525,Sorong,ID,78.44,overcast clouds,-0.8833,131.25,Waigo Splash Hotel
526,Kununurra,AU,78.78,broken clouds,-15.7667,128.7333,Hotel Kununurra
527,Boyolangu,ID,76.14,scattered clouds,-8.1181,111.8935,Yos ega cv
528,Logan,US,23.14,mist,41.7355,-111.8344,SpringHill Suites by Marriott Logan
529,Aden,YE,78.67,overcast clouds,12.7794,45.0367,Sama Emirate Hotel
530,Peniche,PT,64.09,scattered clouds,39.3558,-9.3811,Hotel Star inn Peniche
531,Katherine,AU,77.32,overcast clouds,-14.4667,132.2667,Pine Tree Motel
532,Mayo,US,46.74,mist,38.8876,-76.5119,Resorts Resource Group International
533,Sao Joao Da Barra,BR,84.29,overcast clouds,-21.6403,-41.0511,Pousada Porto De Canoas
534,Nong Phai,TH,79.65,clear sky,15.9903,101.0618,‡πÄ‡∏≠‡πá‡∏°.‡πÄ‡∏à ‡∏£‡∏µ‡∏™‡∏≠‡∏£‡πå‡∏ó
535,Kashira,RU,21.54,broken clouds,54.8444,38.1669,"–ì–æ—Å—Ç–∏–Ω–∏—Ü–∞ –ö–∞—à–∏—Ä–∞, –Ω–æ–º–µ—Ä —Å –∫—É—Ö–Ω–µ–π –∏ –≤–∞–Ω–Ω–æ–π –æ—Ç 2500 —Ä—É–±. –∫–≤–∞—Ä—Ç–∏—Ä–∞ –Ω–∞ —Å—É—Ç–∫–∏ –ö–∞—à–∏—Ä–∞."
536,Kalemie,CD,71.71,moderate rain,-5.9475,29.1947,Mahobilali
537,Harper,LR,82.99,broken clouds,4.375,-7.7169,Screensaver
538,Tigil,RU,11.43,overcast clouds,57.8,158.6667,Tigil'
540,Tongren,CN,35.53,light rain,27.7172,109.1853,Fanjing Mountain International Conference Center
545,Sedan,FR,48.31,overcast clouds,49.6667,5.0,"The Originals City, H√¥tel Le Coeur d'Or, Sedan Est (Inter-Hotel)"
546,Waddan,LY,51.71,broken clouds,29.1614,16.139,ŸÖÿ≠ŸÑ ÿßŸÑÿ¥ÿ±ŸäŸÅ ŸÖÿ≠ŸÖÿØ ÿßŸÑÿπÿßŸäÿ®
548,Carutapera,BR,79.03,moderate rain,-1.195,-46.02,Lidera
549,Slupsk,PL,31.21,overcast clouds,54.4641,17.0287,Hotel Pod KlukƒÖ
550,Sambava,MG,78.87,overcast clouds,-14.2667,50.1667,Melrose
551,Meulaboh,ID,78.51,overcast clouds,4.1363,96.1285,Kost Pria
552,Labuhan,ID,78.53,scattered clouds,-6.8844,112.2051,DoubleFAG
554,Sao Gabriel Da Cachoeira,BR,85.8,scattered clouds,-0.1303,-67.0892,Alarne - √Årea De Lazer Do Alto Rio Negro
555,Loiza,PR,86.81,few clouds,18.4313,-65.8802,Malibu Beachfront
556,Favara,IT,49.89,clear sky,37.3175,13.6623,Le Suite Di Via Veneto
557,Keffi,NG,89.98,scattered clouds,8.8486,7.8736,Imam Family
558,Old Town,CZ,41.47,broken clouds,50.087,14.4202,Botanique Hotel Prague
560,Yarmouth,US,45.01,mist,41.7057,-70.2286,Blue Rock Resort
562,Lagunillas,VE,86.61,few clouds,10.1301,-71.2595,Casa de Beatriz y Chucho
563,Augusta,DE,42.48,scattered clouds,48.3667,10.8833,"Holiday Inn Express Augsburg, an IHG Hotel"
565,Morazan,HN,85.77,clear sky,15.3167,-87.6,Hotel Diana's
566,West Bay,KY,84.27,scattered clouds,19.3667,-81.4167,Calypso Cove
567,Humaita,BR,83.26,overcast clouds,-7.5061,-63.0208,Corr√™a Hotel
568,Florida,US,77.09,clear sky,28.7505,-82.5001,Sportsmens Cove
569,Alofi,NU,73.29,overcast clouds,-19.0595,-169.9187,Taloa Heights
570,Antofagasta,CL,74.21,clear sky,-23.65,-70.4,"Holiday Inn Express Antofagasta, an IHG Hotel"
571,Pimentel,PE,79.09,clear sky,-6.8367,-79.9342,Casona Del Muelle
572,Ocos,GT,88.3,clear sky,14.5094,-92.1933,Auto Hotel El So√±ador
573,Alta Floresta,BR,85.82,scattered clouds,-9.8756,-56.0861,Floresta Amazonica Hotel
574,Barcelos,PT,61.84,clear sky,41.5388,-8.6151,Hotel Do Ter√ßo
576,Benemerito De Las Americas,MX,81.86,broken clouds,16.5167,-90.6439,"Tres Lagunas, Selva Lacandona"
577,Ewo,CG,82.29,light rain,-0.8725,14.8206,Residence Elonda Ewo
580,Muroto,JP,47.35,overcast clouds,33.2833,134.15,Oota Ryokan
581,Melfi,IT,43.5,clear sky,40.9965,15.6514,HOTEL TERME DI RAPOLLA
582,Saint-Pierre,RE,80.28,overcast clouds,-21.3393,55.4781,Lindsey H√¥tel
583,Kloulklubed,PW,79.3,light rain,7.0419,134.2556,Storyboard Beach Resort
584,Bilma,NE,67.66,clear sky,18.6853,12.9164,Expeditions T√©n√©re voyages
585,Lompoc,US,60.13,clear sky,34.6391,-120.4579,"Holiday Inn Express Lompoc, an IHG Hotel"
586,Inhambane,MZ,82.38,few clouds,-23.865,35.3833,Oceano
587,Sovetskiy,RU,22.24,overcast clouds,61.3614,63.5842,Apartment on Kievskaya 29
590,Cap-Aux-Meules,CA,28.45,broken clouds,47.3821,-61.8597,Auberge Madeli
591,Jiangkou,CN,49.89,moderate rain,25.4872,119.1986,DFM Hotel
592,Paka,MY,76.93,overcast clouds,4.6374,103.4368,RUMBIA RESORT VILLA Paka Terengganu
593,Chicama,PE,68.54,clear sky,-7.8447,-79.1469,Balihai Bungalows
595,Yatou,CN,27.16,broken clouds,37.15,122.3833,GreenTree Hotel Rongcheng Bus Station
596,Troitsko-Pechorsk,RU,24.31,overcast clouds,62.7084,56.1964,Pechora Gostinitsa
598,Noumea,NC,69.78,overcast clouds,-22.2763,166.4572,H√¥tel Le Lagon
599,Pisco,PE,75.25,clear sky,-13.7,-76.2167,Hotel San Isidro Oficial
600,Esil,KZ,12.52,overcast clouds,51.9556,66.4042,Egorkino Hotel
601,Vila Franca Do Campo,PT,64.2,few clouds,37.7167,-25.4333,Pestana Bahia Praia
603,Popondetta,PG,73.94,light rain,-8.7537,148.2534,Timos Transit House
604,San Bartolome De Tirajana,ES,64.87,clear sky,27.9248,-15.5733,Las Tirajanas
605,Beibei,CN,45.37,light rain,29.8256,106.4339,FX Hotel Chongqing at Beibei Southwest University
608,Hvolsvollur,IS,25.81,overcast clouds,63.7533,-20.2243,Hotel Rang√°
609,Epe,NG,83.55,clear sky,6.5841,3.9834,MAGVILLE HOTEL
610,Mayskiy,RU,44.01,moderate rain,47.6931,40.1025,Dio Lakrua
612,Turayf,SA,53.85,clear sky,31.6725,38.6637,Turaif
614,Sadovoye,RU,36.7,moderate rain,47.7764,44.5089,Putnik
615,Chatra,IN,58.98,clear sky,24.2167,84.8667,GOPI BHOJNALAY
618,Lang Suan,TH,77.59,scattered clouds,9.9456,99.0785,Langsuan Resort
619,Snyder,US,32.52,light snow,32.7179,-100.9176,"Holiday Inn Express & Suites Snyder, an IHG Hotel"
620,Buraydah,SA,59.45,clear sky,26.326,43.975,M√∂venpick Qassim
622,Quelimane,MZ,82.35,few clouds,-17.8786,36.8883,Hotel Flamingo
623,Tooele,US,26.08,light snow,40.5308,-112.2983,"Holiday Inn Express & Suites Tooele, an IHG Hotel"
624,Maroantsetra,MG,77.95,light rain,-15.4333,49.7333,Annexe Vatsy H√¥tel
625,Khomeyn,IR,31.64,clear sky,33.6423,50.0789,ŸÅÿ±Ÿàÿ¥⁄ØÿßŸá ÿ±ŸÜ⁄Ø Ÿà ÿßÿ®ÿ≤ÿßÿ± ÿπÿµÿßÿ±€å
626,Muros,ES,64.9,few clouds,42.7762,-9.0603,Apartment Av. Castelao
627,Mecca,SA,73.15,clear sky,21.4267,39.8261,"Makkah Clock Royal Tower, A Fairmont Hotel"
628,Westport,US,45.81,overcast clouds,41.1415,-73.3579,The Westport Inn
629,Rocha,UY,87.85,clear sky,-34.4833,-54.3333,Hotel Arrarte
630,Bandar-E Anzali,IR,46.51,clear sky,37.4727,49.4622,Ÿáÿ™ŸÑ ÿ®€åÿß⁄Ü
631,Ponta Delgada,PT,64.51,few clouds,37.7333,-25.6667,Vila Nova Hotel
632,Rawson,AR,79.05,overcast clouds,-43.3002,-65.1023,Hosteria Sampedro
634,Lobito,AO,77.36,clear sky,-12.3481,13.5456,Casa Rosa Hotel Residence
636,Jever,DE,42.03,scattered clouds,53.5833,7.9,Friesen-Hotel
637,Baghdad,IQ,53.51,clear sky,33.3406,44.4009,Baghdad Hotel
639,Dori,BF,85.05,clear sky,14.0354,-0.0345,H√¥tel Liptako
640,Bar-Le-Duc,FR,47.3,overcast clouds,48.75,5.1667,ibis budget Bar-le-Duc
641,Tabou,CI,83.03,broken clouds,4.423,-7.3528,hot√™l doufoulougou
642,Kem,RU,12.09,overcast clouds,64.9555,34.5793,Kuzova
643,Straumen,NO,23.0,overcast clouds,63.8709,11.2999,J√¶gtvolden Fjordhotell
644,Beira,MZ,82.49,few clouds,-19.8436,34.8389,Beira Terrace Hotel
645,Husavik,IS,24.71,overcast clouds,66.0449,-17.3389,Bjarnab√∫√∞
646,Krugersdorp,ZA,77.63,clear sky,-26.0858,27.7752,Aviators Retreat B&B
647,Catuday,PH,75.83,clear sky,16.2923,119.8062,Benjie's Kubo & Cottages
648,Xinyu,CN,37.04,light rain,27.8043,114.9334,Xinyu Beihu Hotel
649,Mapimi,MX,64.17,clear sky,25.8167,-103.85,Propiedad Lldm
650,Hami,CN,22.68,scattered clouds,42.8,93.45,Laoyutang Resort
653,Linxia,CN,13.75,few clouds,35.6003,103.2064,GreenTree Inn Linxia Autonomous Prefecture Linxia Oxford River Avenue Express Hotel
654,Dwarka,IN,73.45,clear sky,22.2394,68.9678,Hotel Narayan Avezika Comfort
655,Pleasant Point,NZ,66.92,overcast clouds,-44.2667,171.1333,Pleasant Point Hotel
656,Los Banos,PH,77.79,overcast clouds,14.1667,121.1833,Sol Y Viento Mountain Hot Springs and Resort
657,Port Blair,IN,78.84,mist,11.6667,92.75,"Welcomhotel By ITC Hotels, Bay Island, Port Blair"
660,Bolbec,FR,49.86,scattered clouds,49.5732,0.4734,H√¥tel Relais D'Etretat Restaurant Le Cocina
663,Dingle,PH,73.38,moderate rain,10.9995,122.6711,SEGAYA PROPERTY
664,Cayenne,GF,82.09,light rain,4.9333,-52.3333,H√¥tel Le Dronmi
665,Kasongo,CD,70.21,overcast clouds,-4.45,26.6667,Guest H√¥tel
666,Alice Springs,AU,65.75,overcast clouds,-23.7,133.8833,Desert Palms Alice Springs
668,Octeville,FR,48.92,overcast clouds,49.6261,-1.6435,H√¥tel Le Louvre Cherbourg
670,Manado,ID,74.17,moderate rain,1.487,124.8455,Aryaduta Hotel
671,Parkes,AU,59.36,clear sky,-33.1333,148.1833,Station Motel
672,Lashio,MM,46.76,clear sky,22.9333,97.75,Hotel CF Lashio - Burmese Only
673,Kochinda,IN,64.27,clear sky,21.7333,84.35,Shristi Lodge
674,Whitianga,NZ,70.02,overcast clouds,-36.8333,175.7,Beachside Resort Whitianga
675,Talcahuano,CL,65.88,scattered clouds,-36.7167,-73.1167,departamento comodo
676,Utinga,BR,88.65,scattered clouds,-5.8172,-35.3954,Espa√ßo de Lazer √ârica Fernandes
678,Ayr,GB,50.31,overcast clouds,55.4627,-4.6339,Mercure Ayr Hotel
679,Burhaniye,TR,51.66,thunderstorm with rain,39.5004,26.9727,Hotel Nova
681,Veraval,IN,71.6,few clouds,20.9,70.3667,Lords Inn Somnath
682,Benghazi,LY,55.67,overcast clouds,32.1167,20.0667,Tibesti Hotel
683,Manga,BF,87.75,clear sky,11.6636,-1.0731,Auberge du 11 d√©cembre de la cit√© CNSS √† Manga
684,Nicoya,CR,89.15,clear sky,10.1483,-85.452,Las Cabinas Del Sue√±o
685,Lesnoy,RU,20.52,broken clouds,57.6198,63.0784,Apartamenty Na Sovetskoy
